method, size, measurement number, time
get_amat_0d,    2000,  1, 0.324745
get_amat_0ds,   2000,  1, 0.315933
get_amat_0d_1,  2000,  1, 0.051591
get_amat_0d_1a, 2000,  1, 0.010712
get_amat_0d_1c, 2000,  1, 0.011642
get_amat_0d_1d, 2000,  1, 0.010729
get_amat_0d_2a, 2000,  1, 0.010945
get_amat_0d_3a, 2000,  1, 0.009624
get_amat_0d_3b, 2000,  1, 0.012487
get_amat_0d_4a, 2000,  1, 0.009838
get_amat_0d_4c, 2000,  1, 0.011341
get_amat_0d_4d, 2000,  1, 0.009029
get_amat_0d,    2000,  2, 0.328387
get_amat_0ds,   2000,  2, 0.314260
get_amat_0d_1,  2000,  2, 0.060139
get_amat_0d_1a, 2000,  2, 0.010776
get_amat_0d_1c, 2000,  2, 0.012242
get_amat_0d_1d, 2000,  2, 0.010454
get_amat_0d_2a, 2000,  2, 0.010837
get_amat_0d_3a, 2000,  2, 0.009245
get_amat_0d_3b, 2000,  2, 0.012276
get_amat_0d_4a, 2000,  2, 0.009791
get_amat_0d_4c, 2000,  2, 0.011203
get_amat_0d_4d, 2000,  2, 0.009692
get_amat_0d,    2000,  3, 0.328087
get_amat_0ds,   2000,  3, 0.316661
get_amat_0d_1,  2000,  3, 0.056581
get_amat_0d_1a, 2000,  3, 0.010348
get_amat_0d_1c, 2000,  3, 0.011380
get_amat_0d_1d, 2000,  3, 0.009576
get_amat_0d_2a, 2000,  3, 0.010476
get_amat_0d_3a, 2000,  3, 0.009207
get_amat_0d_3b, 2000,  3, 0.011890
get_amat_0d_4a, 2000,  3, 0.009954
get_amat_0d_4c, 2000,  3, 0.011225
get_amat_0d_4d, 2000,  3, 0.009660
get_amat_0d,    2000,  4, 0.322658
get_amat_0ds,   2000,  4, 0.317213
get_amat_0d_1,  2000,  4, 0.055473
get_amat_0d_1a, 2000,  4, 0.010369
get_amat_0d_1c, 2000,  4, 0.011363
get_amat_0d_1d, 2000,  4, 0.009823
get_amat_0d_2a, 2000,  4, 0.010478
get_amat_0d_3a, 2000,  4, 0.009312
get_amat_0d_3b, 2000,  4, 0.012471
get_amat_0d_4a, 2000,  4, 0.009858
get_amat_0d_4c, 2000,  4, 0.011165
get_amat_0d_4d, 2000,  4, 0.009938
get_amat_0d,    2000,  5, 0.301519
get_amat_0ds,   2000,  5, 0.319419
get_amat_0d_1,  2000,  5, 0.056755
get_amat_0d_1a, 2000,  5, 0.010620
get_amat_0d_1c, 2000,  5, 0.011030
get_amat_0d_1d, 2000,  5, 0.010208
get_amat_0d_2a, 2000,  5, 0.010685
get_amat_0d_3a, 2000,  5, 0.009392
get_amat_0d_3b, 2000,  5, 0.012081
get_amat_0d_4a, 2000,  5, 0.009890
get_amat_0d_4c, 2000,  5, 0.011047
get_amat_0d_4d, 2000,  5, 0.010154
get_amat_0d,    2000,  6, 0.298624
get_amat_0ds,   2000,  6, 0.316002
get_amat_0d_1,  2000,  6, 0.058113
get_amat_0d_1a, 2000,  6, 0.010166
get_amat_0d_1c, 2000,  6, 0.011268
get_amat_0d_1d, 2000,  6, 0.009700
get_amat_0d_2a, 2000,  6, 0.010132
get_amat_0d_3a, 2000,  6, 0.009072
get_amat_0d_3b, 2000,  6, 0.012038
get_amat_0d_4a, 2000,  6, 0.009744
get_amat_0d_4c, 2000,  6, 0.010893
get_amat_0d_4d, 2000,  6, 0.009890
get_amat_0d,    2000,  7, 0.320181
get_amat_0ds,   2000,  7, 0.327166
get_amat_0d_1,  2000,  7, 0.073196
get_amat_0d_1a, 2000,  7, 0.009744
get_amat_0d_1c, 2000,  7, 0.011803
get_amat_0d_1d, 2000,  7, 0.010419
get_amat_0d_2a, 2000,  7, 0.010168
get_amat_0d_3a, 2000,  7, 0.009696
get_amat_0d_3b, 2000,  7, 0.012372
get_amat_0d_4a, 2000,  7, 0.009952
get_amat_0d_4c, 2000,  7, 0.011188
get_amat_0d_4d, 2000,  7, 0.010666
get_amat_0d,    2000,  8, 0.323767
get_amat_0ds,   2000,  8, 0.319108
get_amat_0d_1,  2000,  8, 0.058825
get_amat_0d_1a, 2000,  8, 0.010824
get_amat_0d_1c, 2000,  8, 0.012378
get_amat_0d_1d, 2000,  8, 0.010931
get_amat_0d_2a, 2000,  8, 0.010650
get_amat_0d_3a, 2000,  8, 0.009080
get_amat_0d_3b, 2000,  8, 0.012555
get_amat_0d_4a, 2000,  8, 0.010274
get_amat_0d_4c, 2000,  8, 0.011359
get_amat_0d_4d, 2000,  8, 0.009389
get_amat_0d,    2000,  9, 0.320706
get_amat_0ds,   2000,  9, 0.318205
get_amat_0d_1,  2000,  9, 0.058958
get_amat_0d_1a, 2000,  9, 0.010752
get_amat_0d_1c, 2000,  9, 0.012054
get_amat_0d_1d, 2000,  9, 0.010576
get_amat_0d_2a, 2000,  9, 0.010629
get_amat_0d_3a, 2000,  9, 0.009156
get_amat_0d_3b, 2000,  9, 0.012602
get_amat_0d_4a, 2000,  9, 0.009997
get_amat_0d_4c, 2000,  9, 0.011386
get_amat_0d_4d, 2000,  9, 0.009966
get_amat_0d,    2000, 10, 0.314178
get_amat_0ds,   2000, 10, 0.310711
get_amat_0d_1,  2000, 10, 0.055768
get_amat_0d_1a, 2000, 10, 0.010492
get_amat_0d_1c, 2000, 10, 0.011793
get_amat_0d_1d, 2000, 10, 0.010689
get_amat_0d_2a, 2000, 10, 0.010412
get_amat_0d_3a, 2000, 10, 0.009077
get_amat_0d_3b, 2000, 10, 0.012134
get_amat_0d_4a, 2000, 10, 0.009969
get_amat_0d_4c, 2000, 10, 0.011393
get_amat_0d_4d, 2000, 10, 0.010878
get_amat_0d,    4000,  1, 1.185084
get_amat_0ds,   4000,  1, 1.178155
get_amat_0d_1,  4000,  1, 0.264852
get_amat_0d_1a, 4000,  1, 0.038938
get_amat_0d_1c, 4000,  1, 0.043720
get_amat_0d_1d, 4000,  1, 0.037677
get_amat_0d_2a, 4000,  1, 0.039039
get_amat_0d_3a, 4000,  1, 0.033668
get_amat_0d_3b, 4000,  1, 0.036001
get_amat_0d_4a, 4000,  1, 0.037695
get_amat_0d_4c, 4000,  1, 0.040167
get_amat_0d_4d, 4000,  1, 0.033578
get_amat_0d,    4000,  2, 1.189844
get_amat_0ds,   4000,  2, 1.218265
get_amat_0d_1,  4000,  2, 0.265198
get_amat_0d_1a, 4000,  2, 0.039126
get_amat_0d_1c, 4000,  2, 0.045101
get_amat_0d_1d, 4000,  2, 0.036818
get_amat_0d_2a, 4000,  2, 0.039054
get_amat_0d_3a, 4000,  2, 0.034708
get_amat_0d_3b, 4000,  2, 0.037765
get_amat_0d_4a, 4000,  2, 0.036261
get_amat_0d_4c, 4000,  2, 0.043601
get_amat_0d_4d, 4000,  2, 0.035200
get_amat_0d,    4000,  3, 1.198921
get_amat_0ds,   4000,  3, 1.208445
get_amat_0d_1,  4000,  3, 0.270776
get_amat_0d_1a, 4000,  3, 0.037690
get_amat_0d_1c, 4000,  3, 0.046150
get_amat_0d_1d, 4000,  3, 0.040489
get_amat_0d_2a, 4000,  3, 0.039642
get_amat_0d_3a, 4000,  3, 0.032289
get_amat_0d_3b, 4000,  3, 0.044409
get_amat_0d_4a, 4000,  3, 0.037481
get_amat_0d_4c, 4000,  3, 0.044116
get_amat_0d_4d, 4000,  3, 0.041479
get_amat_0d,    4000,  4, 1.223355
get_amat_0ds,   4000,  4, 1.223906
get_amat_0d_1,  4000,  4, 0.271947
get_amat_0d_1a, 4000,  4, 0.040151
get_amat_0d_1c, 4000,  4, 0.042888
get_amat_0d_1d, 4000,  4, 0.036270
get_amat_0d_2a, 4000,  4, 0.037442
get_amat_0d_3a, 4000,  4, 0.029630
get_amat_0d_3b, 4000,  4, 0.041451
get_amat_0d_4a, 4000,  4, 0.033651
get_amat_0d_4c, 4000,  4, 0.042332
get_amat_0d_4d, 4000,  4, 0.038882
get_amat_0d,    4000,  5, 1.194041
get_amat_0ds,   4000,  5, 1.222778
get_amat_0d_1,  4000,  5, 0.271427
get_amat_0d_1a, 4000,  5, 0.038488
get_amat_0d_1c, 4000,  5, 0.042167
get_amat_0d_1d, 4000,  5, 0.036925
get_amat_0d_2a, 4000,  5, 0.038014
get_amat_0d_3a, 4000,  5, 0.031721
get_amat_0d_3b, 4000,  5, 0.041735
get_amat_0d_4a, 4000,  5, 0.036165
get_amat_0d_4c, 4000,  5, 0.046395
get_amat_0d_4d, 4000,  5, 0.037508
get_amat_0d,    4000,  6, 1.209599
get_amat_0ds,   4000,  6, 1.194625
get_amat_0d_1,  4000,  6, 0.254828
get_amat_0d_1a, 4000,  6, 0.040563
get_amat_0d_1c, 4000,  6, 0.044757
get_amat_0d_1d, 4000,  6, 0.037654
get_amat_0d_2a, 4000,  6, 0.040310
get_amat_0d_3a, 4000,  6, 0.032943
get_amat_0d_3b, 4000,  6, 0.042909
get_amat_0d_4a, 4000,  6, 0.036679
get_amat_0d_4c, 4000,  6, 0.043629
get_amat_0d_4d, 4000,  6, 0.036529
get_amat_0d,    4000,  7, 1.214867
get_amat_0ds,   4000,  7, 1.217342
get_amat_0d_1,  4000,  7, 0.296788
get_amat_0d_1a, 4000,  7, 0.038525
get_amat_0d_1c, 4000,  7, 0.051239
get_amat_0d_1d, 4000,  7, 0.046998
get_amat_0d_2a, 4000,  7, 0.038896
get_amat_0d_3a, 4000,  7, 0.035634
get_amat_0d_3b, 4000,  7, 0.047053
get_amat_0d_4a, 4000,  7, 0.038244
get_amat_0d_4c, 4000,  7, 0.047133
get_amat_0d_4d, 4000,  7, 0.042872
get_amat_0d,    4000,  8, 1.201832
get_amat_0ds,   4000,  8, 1.227410
get_amat_0d_1,  4000,  8, 0.266500
get_amat_0d_1a, 4000,  8, 0.041381
get_amat_0d_1c, 4000,  8, 0.047686
get_amat_0d_1d, 4000,  8, 0.043570
get_amat_0d_2a, 4000,  8, 0.039789
get_amat_0d_3a, 4000,  8, 0.033378
get_amat_0d_3b, 4000,  8, 0.044130
get_amat_0d_4a, 4000,  8, 0.038402
get_amat_0d_4c, 4000,  8, 0.045975
get_amat_0d_4d, 4000,  8, 0.042210
get_amat_0d,    4000,  9, 1.171057
get_amat_0ds,   4000,  9, 1.231972
get_amat_0d_1,  4000,  9, 0.274086
get_amat_0d_1a, 4000,  9, 0.037231
get_amat_0d_1c, 4000,  9, 0.048288
get_amat_0d_1d, 4000,  9, 0.040814
get_amat_0d_2a, 4000,  9, 0.037255
get_amat_0d_3a, 4000,  9, 0.031272
get_amat_0d_3b, 4000,  9, 0.044381
get_amat_0d_4a, 4000,  9, 0.036250
get_amat_0d_4c, 4000,  9, 0.047147
get_amat_0d_4d, 4000,  9, 0.042654
get_amat_0d,    4000, 10, 1.201786
get_amat_0ds,   4000, 10, 1.191936
get_amat_0d_1,  4000, 10, 0.260234
get_amat_0d_1a, 4000, 10, 0.038816
get_amat_0d_1c, 4000, 10, 0.042697
get_amat_0d_1d, 4000, 10, 0.036694
get_amat_0d_2a, 4000, 10, 0.041093
get_amat_0d_3a, 4000, 10, 0.031727
get_amat_0d_3b, 4000, 10, 0.035100
get_amat_0d_4a, 4000, 10, 0.036761
get_amat_0d_4c, 4000, 10, 0.039933
get_amat_0d_4d, 4000, 10, 0.033708
get_amat_0d,    8000,  1, 3.953611
get_amat_0ds,   8000,  1, 4.008673
get_amat_0d_1,  8000,  1, 1.073226
get_amat_0d_1a, 8000,  1, 0.153293
get_amat_0d_1c, 8000,  1, 0.163849
get_amat_0d_1d, 8000,  1, 0.158586
get_amat_0d_2a, 8000,  1, 0.180337
get_amat_0d_3a, 8000,  1, 0.134306
get_amat_0d_3b, 8000,  1, 0.169252
get_amat_0d_4a, 8000,  1, 0.171017
get_amat_0d_4c, 8000,  1, 0.198382
get_amat_0d_4d, 8000,  1, 0.195574
get_amat_0d,    8000,  2, 4.008184
get_amat_0ds,   8000,  2, 4.072155
get_amat_0d_1,  8000,  2, 1.062865
get_amat_0d_1a, 8000,  2, 0.144525
get_amat_0d_1c, 8000,  2, 0.171749
get_amat_0d_1d, 8000,  2, 0.177965
get_amat_0d_2a, 8000,  2, 0.179830
get_amat_0d_3a, 8000,  2, 0.141030
get_amat_0d_3b, 8000,  2, 0.175667
get_amat_0d_4a, 8000,  2, 0.157863
get_amat_0d_4c, 8000,  2, 0.212561
get_amat_0d_4d, 8000,  2, 0.186229
get_amat_0d,    8000,  3, 4.032461
get_amat_0ds,   8000,  3, 4.008462
get_amat_0d_1,  8000,  3, 1.042900
get_amat_0d_1a, 8000,  3, 0.143532
get_amat_0d_1c, 8000,  3, 0.161610
get_amat_0d_1d, 8000,  3, 0.164100
get_amat_0d_2a, 8000,  3, 0.149235
get_amat_0d_3a, 8000,  3, 0.130962
get_amat_0d_3b, 8000,  3, 0.160041
get_amat_0d_4a, 8000,  3, 0.137500
get_amat_0d_4c, 8000,  3, 0.190515
get_amat_0d_4d, 8000,  3, 0.166490
get_amat_0d,    8000,  4, 4.097251
get_amat_0ds,   8000,  4, 4.083471
get_amat_0d_1,  8000,  4, 1.063331
get_amat_0d_1a, 8000,  4, 0.143844
get_amat_0d_1c, 8000,  4, 0.164731
get_amat_0d_1d, 8000,  4, 0.154211
get_amat_0d_2a, 8000,  4, 0.161800
get_amat_0d_3a, 8000,  4, 0.143748
get_amat_0d_3b, 8000,  4, 0.194053
get_amat_0d_4a, 8000,  4, 0.173458
get_amat_0d_4c, 8000,  4, 0.206218
get_amat_0d_4d, 8000,  4, 0.200342
get_amat_0d,    8000,  5, 3.995800
get_amat_0ds,   8000,  5, 3.950064
get_amat_0d_1,  8000,  5, 1.034942
get_amat_0d_1a, 8000,  5, 0.143785
get_amat_0d_1c, 8000,  5, 0.161968
get_amat_0d_1d, 8000,  5, 0.173339
get_amat_0d_2a, 8000,  5, 0.175934
get_amat_0d_3a, 8000,  5, 0.131412
get_amat_0d_3b, 8000,  5, 0.187272
get_amat_0d_4a, 8000,  5, 0.160705
get_amat_0d_4c, 8000,  5, 0.186676
get_amat_0d_4d, 8000,  5, 0.183750
get_amat_0d,    8000,  6, 3.943730
get_amat_0ds,   8000,  6, 4.039306
get_amat_0d_1,  8000,  6, 1.042232
get_amat_0d_1a, 8000,  6, 0.157232
get_amat_0d_1c, 8000,  6, 0.163656
get_amat_0d_1d, 8000,  6, 0.166357
get_amat_0d_2a, 8000,  6, 0.152053
get_amat_0d_3a, 8000,  6, 0.141023
get_amat_0d_3b, 8000,  6, 0.176334
get_amat_0d_4a, 8000,  6, 0.163273
get_amat_0d_4c, 8000,  6, 0.273627
get_amat_0d_4d, 8000,  6, 0.260902
get_amat_0d,    8000,  7, 3.996062
get_amat_0ds,   8000,  7, 4.164380
get_amat_0d_1,  8000,  7, 0.966563
get_amat_0d_1a, 8000,  7, 0.196257
get_amat_0d_1c, 8000,  7, 0.207689
get_amat_0d_1d, 8000,  7, 0.150329
get_amat_0d_2a, 8000,  7, 0.176479
get_amat_0d_3a, 8000,  7, 0.139548
get_amat_0d_3b, 8000,  7, 0.154861
get_amat_0d_4a, 8000,  7, 0.186499
get_amat_0d_4c, 8000,  7, 0.206205
get_amat_0d_4d, 8000,  7, 0.184179
get_amat_0d,    8000,  8, 4.082474
get_amat_0ds,   8000,  8, 4.099536
get_amat_0d_1,  8000,  8, 0.962400
get_amat_0d_1a, 8000,  8, 0.201147
get_amat_0d_1c, 8000,  8, 0.212207
get_amat_0d_1d, 8000,  8, 0.187128
get_amat_0d_2a, 8000,  8, 0.179457
get_amat_0d_3a, 8000,  8, 0.159764
get_amat_0d_3b, 8000,  8, 0.171877
get_amat_0d_4a, 8000,  8, 0.179182
get_amat_0d_4c, 8000,  8, 0.197453
get_amat_0d_4d, 8000,  8, 0.176438
get_amat_0d,    8000,  9, 4.019265
get_amat_0ds,   8000,  9, 4.152785
get_amat_0d_1,  8000,  9, 0.976297
get_amat_0d_1a, 8000,  9, 0.201129
get_amat_0d_1c, 8000,  9, 0.226696
get_amat_0d_1d, 8000,  9, 0.255724
get_amat_0d_2a, 8000,  9, 0.253349
get_amat_0d_3a, 8000,  9, 0.190485
get_amat_0d_3b, 8000,  9, 0.226096
get_amat_0d_4a, 8000,  9, 0.222738
get_amat_0d_4c, 8000,  9, 0.260030
get_amat_0d_4d, 8000,  9, 0.265094
get_amat_0d,    8000, 10, 3.976232
get_amat_0ds,   8000, 10, 3.907309
get_amat_0d_1,  8000, 10, 0.876028
get_amat_0d_1a, 8000, 10, 0.144758
get_amat_0d_1c, 8000, 10, 0.173143
get_amat_0d_1d, 8000, 10, 0.184441
get_amat_0d_2a, 8000, 10, 0.179788
get_amat_0d_3a, 8000, 10, 0.132237
get_amat_0d_3b, 8000, 10, 0.187961
get_amat_0d_4a, 8000, 10, 0.159634
get_amat_0d_4c, 8000, 10, 0.178753
get_amat_0d_4d, 8000, 10, 0.170541
